{"file_hashes":[{"block_hashes":["yJTRg4yH9cGY7eQ3wyozJq6kcbp0TK83tBylJorGsM0=","dBREYLJgE55zVWm62Pq83fT0ikTHVHMUrqnYtjYgi3M=","PDXUjubLs95C/RifEwVzxBmiDOJl639xiCKEQpzBQ+s=","5WKCt1MCxFxXm5SeLdfCLHzKa6D/ykerryd5TFjbCfo=","HeGKTIqWG8C+TKeLVlx3nzprggMzXCePJ6v1ilJJfb0=","cHCI/ABel7fV2KC0Atn8DTdSGyYDVnh+nT7/Syvsn0o=","ae9JIXwE4jT6P63INa8F9ZhgFi3XHBQhC5+UlGJAU3U=","1aaYwwu3OQOKy17UCJ9FGlM0qxsyuVYBGiCZdg6SY4o=","wACwjRZAI2K4k0ZfHzOCDOqyGcK3fnU/wkciL9F0S1M=","JKAqwDtl6s+FxBaEc4hLTT91Hg9Fm/km/qSeFb2UkHM=","qtZgqcimpmcvvVXAV8qDJaotaC2Qz3k/pv4/D5OOfao=","c7RQrNWuyMNTA1llPiWItbdhPQdh1zwmUEKluCORDX4="],"block_size":4096,"path":"_locales/be/messages.json"},{"block_hashes":["kgc3ug6V9gHYX8kbttOQjVUyMnv9MVdjujbrQ+cKMOM=","XdtQa39zOFeCSFaWLj9hco6kNraIPuRrNBP1SElVpFI=","oIG/Erj6OEuyVYPiP6886E6GRe6GQ7crGLUEjSg9TxU=","eAw3sV/9+NHnlASmchIJDgVxY5M2kz11dERMWZgchVw=","/7Tbnta0DTmg8Z+1U4dqRFLfBaOfR8/BYDTBw3IEucg=","F2+jNiV82SvSZpglDvHytaBQc+jfqIID5pkeclFJ4uo=","lBpOKMO4T6dFfl/Cr9a370pEMYFgr0/ZN9KFyrY+slg=","fk0R9MQxnqWr8N/ro1dmqryAd1xS93eUinVLwM0Een0=","PSYQahkEJGA2E/q2q+AX+e/KmROF+galocpF1L/X3fo=","TkwWXvRcGCTmJGAddHAwjalDUKO1/D9pxzvsh+enSIY=","TI+s657cGe3vhHcDxNyRg31zoOZ9tPeM4GBArj4eUl4=","xmqa5gSxALih0WvRUmAimnzjs3gJ0LXVQv561WaMUMQ=","SHDWEkVaDXE3M57SI9tcz++DZo8WPSnHqm5ZayXU7HY=","B2xSjl550YUEBkVi3Iy0w0VvJVsegv141twTpI0wYAc="],"block_size":4096,"path":"_locales/mk/messages.json"},{"block_hashes":["RHvH5ualaV9sXfTKGSYGZLhhG6LqrKoOLK66hYdrYtg="],"block_size":4096,"path":"action.html"},{"block_hashes":["SNXeJOJzhSczeW83zerALXMgSUrQ0gf85olO6dw0tyU="],"block_size":4096,"path":"ask.html"},{"block_hashes":["tqVRFUenBlfgezxWnQqyH1EgoZg7Mvw5WNVu3FVCcUM="],"block_size":4096,"path":"background.html"},{"block_hashes":["Z3cLaNooE8wlGxFqMc908Am4+at+mLerRKITcI7e9C8=","6gH5P8x3ZM7o8iTSncQXXH0ZOQjeGVb1wjL/DZQsBUk=","ns+8d4K9b1BUota3tOhKCTmZXPfrxEieSJQiKHZTnzc=","Q8r+JQdnDMwzKVzIuA8uvAG7HHaCqmqvnnO/lwQi7cI=","8GQJxI2WRTY+5l3aGkefpIzAEAEhhvzTGZE2HDPLLFk=","AWRXYw4+Eyxj8S7jt5EQSDILzv14gjWQRijnP9xb3qY=","fFCzmqdqGCilmmm4vpAJcXaTT7JdNTpxv/h1gG89nJA=","cP8nM+CcyeNPtqbwcMGRix12WNAsSNREuoeQgGukrRs=","jUk+zs46OW6IELTMF8HZqpqTkM4eT4yLkHicHjQZHk8=","I0Fm2bngjI3rLQDdrLnz1sMYjZqHzHBsvICzsnmT9VM=","eJ0BgKD9AdjHpyQHpEbnjbdomouriIhIv0A1xmhDDts=","Euo4jRixdRhk/7f0L3lbjkNy5XvI8J8u9UnnYMq908s=","E4BLxWCzyGHVVr9ntlwOZL2TkojiM2HLHpMZTsQ83FI=","DQIwE92KyyC3vTppexmCPJIGJt6K0EyQQsdPkUKRYV4=","gfj1VaPwWBKAvBPgnjJ4XvHE8ib4JmySLct2bknaCxI=","mn/HEgQeAPzaLQSOMJWMuLpkwF2Me+nZZfDDy0z90NY=","Eaa9yXNcRUfpCIFdlDhkAnqCtZCZwSB5iHArlFsGWDc=","FlqPsJRLq7sFC1CypZF62VthR6+rpy9v1cEW/eC41DA=","IOei7XThAeRPf7bQtM2T/+SuZSVFbPTJ1bP+/1lw1HQ=","IeucsBnA3ZpU9oyzk9bdunycT6j4Kiwj9wnm7/7LqMs=","IgrIiHP6U47s0gJ2akpRvW9jHqX/cAakqu46CT8u5q0=","mbzjkQxs6SjNeihZOh9RkGZY8NE4T8IsvCnP6C31E90=","/0ZqlsM6PVkKrydw0QaUxKoiUibjVr6nVMSty2yTLzI=","7agH6M6opEFKTzt8f+uQo9KEX9GGqux3+Ptk5Xb7dQU=","pTVWKLt0Aa/YXwF0qSj8sdnx2XRUq7bqCTw3yjS+hZc=","KTZMIqGTipOdjB8iFLoc04UOTAcTJmDxc0iMyWSKhhE=","ftfgBJb62hhMRr424Y9TNPFa9C/2P8bU3Lp0jN4u4ro=","PmIEfaE8MXVen5/DTzf0mV9lrurF55oFhep/orSeq+0=","z1CeW2UYKN59Hvy1p9ha7uSJ/JwA2+GYrbnXT8Y9/Pc=","SLTLudTk6YqBkiX2IF08aOTHewyEINVsyIPgA39hGRs=","Pvum23yKkLwGzSd8x+WhwIn14neHmOzoFK1b74MMQUM=","875PefY+EDHRhCiNaVvtbFAmL40Nb6u7Cu5k7R30ktM=","Uad8Jn8Bhe/k6DA6LMdCuJSLUTx2ooXldpubAVLrK+c=","u4U9KZoYiZerXlrI4RQLHHIsdgcl7jyiTweBj2trwI0=","Fwmh6RdgmOjUDvH4p3jPfAUaUFFg/O3KnDz0Kkf92tw=","asl5+3MHx0L/auPQutF8AapYxix8Nxy5Su/VcHeybTw=","0LHP0FSJAzvVoN5yT0Guel9hWmVO1ZiVpewpIfN8nfY=","lzXCxgAgzlOsn4ywVI7avx05NfhBJszGkUNiCWcH+9g=","9OvNX4XfPhVQFiGT4C5QaPAZPzB574qgtpk+gR2I4yc=","pSW/dDuqNAm4JQtUnymBcFA4yVbw4ERWOh+Rqk8qhQw=","WjeMEYzE1iPiUex72Ty14yWzp3KBTXi4IMsEaX0a5+s=","KJQyCfpL8SdaiCsxIduJDSdHU4K4BcmBqchNrIbgmbM=","8n6vG4bhOmE8G7KjSkWaeyAbPSBzfJ4j0t1ytJb6n7I=","Id3bS8WQtaQlqosaSH5zaWSEFY2EFR40UUDQWYnwzFc=","YV3Wpa1VyDuQUpFzV3cWDs0VQ8EU/SqktKPdJWK+90E=","/mB37gFDw1RZcg7z/7pVQI5gw498sWUKnyrlNXzA00A=","y6pEbLstDJf4hVqJfx2xURHEG7/rv/V0kKZ1uvn7uOM=","7SjWRxJwrlMqAq+goWrSGQgEpDZzmokHiSID5wHnilU=","pxjy9GgrvjDQLbZNG0lQdy5qtjOKrd2gzC6+PGizBPg=","neY8/KL7qniWSc6DBdNzrha/q74hDfTn0FC3oSt6+64=","xdKC/LRnOM49TI9D3F3NFEMnme8ENDWbc66VzR042eE=","TLelOxvA9kH/ZoLn2P5soXc9rQ+ilft7JaJ/EbeB9/4=","Jb8jaiz8ehKlGMj7RcIZQT7fb7JAlMBt76u3aCZzgDM=","zI8NTWIoyl/Up1KUTlXcHoM/yIWktZrGCL2g98pP76g=","8TMVtJTgwqLN6cJEbFfQkadJru8AYBu5mlszWWI7gXQ=","OUlsRsTBPtWb5HHKRHN468Zjxepodbzkhlz4HwEn3k0=","Kbqu/iOlprjh9c8xqRivHDb/xewzACPgLvuHRAvvx6c=","T9wcB+HF77Z9AHYc32sxm5oExILhefxnJbgOOtLrBJI=","yYSWsaHRdH2DPXQfTH7WS/n3dghFxIfJKDanDhp8Dnc=","iD+pR3JRd46sJrFlhhEj45tlRhN0xnZFfTue1kB296M=","kXN79VMFxPNwIFQgmSnAa8213MHUth43OBV2UoqmDIc=","asaX5//S2IR+5/UqyIgywol9b444+vli//NqYnfko5M=","U+QEzFjUUuzBE06MJtvED2u7yyS9B/VtIm7svolGrMM=","rDrS0+tcK4cdcRHhKWTrPWkCR8/3aELnzNm131VgzWE=","aB6T3cIUdDcUJkbjsIxSIPmVvNV4xcXJEDJ7yoUFUVk=","sfvKgO3cJGnM6W/ZWOCy+Bs1F3iUe1RfqR8lKaAjNpo=","IpTS9dI5OxoeZjKzV9ERFlNq5t0cWumgC0r0a8r9mHw=","aAl1Kg7T+N+i1qzYEySex+7Un+za7FQx2FDEn2v7LTg=","X131OAJMtMeVRy4imAFP+gQde90zBOYmzJg/JI1wBeE=","B/wK8Aq9mpWCwuTW/TpTPjqNKZVNuKmNMtcXlvXdMhQ=","IkIMNpY44ARYEsCMiGLeX898NhTPOENMVP3zxWG6Qic=","miJGk3PYn7tX03CFrBwrT0MGYv/m40P4OdB3HO6u7dA=","X8++tpG9JqBdKHsZ/zgx+hCZIFyEgw1d8tks1HsMlC0=","HegG4Or9pA5+hq/tp0B285BtmPVr8KnZIdc2BhY3JZo=","jdPuXBGx0dP0X7k/OlxuR1UyWOfnXju4JsJsQSYZTzI=","CYJRswki45nR17euJOH76+zj+NQMmkZdiC2VnR5tAYs=","3DhUi/rQyH68GZNBXk4dVwuViiERlJSjdkXqAtgIKjI=","NPjiRdGbirVowKWLoPsO/PZolrk3PQy2jpRzXGqftjc=","x7zUO00VJF+7d4jIoK3l2xZOz1YP7d/nVVmR4+uK8OM=","xt81s+fRKR1R5KE+9bxA9rNEoYzk7dd4KMjwtNXIp1o=","IpMX+hjJuaXXdn310VPZWiPcrzuNRX3UzUCIt63z0CI=","pfCHvuT0XpbFBsm57JgLzoIT2ayyn0mWEPxAL5YXugk=","7AGCuMIm33bbVVJYII2eddaeKPkKERH+oB++rimSF+w=","Oawd9XQQXKpAfRleX5NuwnPc1qGfu3pxuCDPqIEJcBk=","F5uB5dWG4AMPkjyMeBz6RCM/B2Nre0XL3I99On9jN9U=","wlI2B+EaTboNTNiiua/Mf/l5CvLidbsWoB6xRCdfC5k=","f1sJzP4Ehd7BCqMMum25COYOelgU/U6EfRPaH85wB40=","wc4OyH72OyOLKA3a2OKaCeJFWI8Wf1BDsZxsm7p2Bl8=","4Np/Iv6x8VVvzAeaiB5Q/5gy0BTtwRoYeCrI4MvebRg=","da/SbqsEPhVxbEKbPWzaudtEmKZtRnlFoFZ54UIA8Qw=","TMc/8JQ9XSyOnt6zK7ytFao5SmsZFam8AutqMPlQ0KY=","xCSbgYhDR7fqnj7stzQLNMKBnoTyQLnWKvlw9jku7b8=","SJ0ganpCjT3+hTE3TLKeEDDBwcRspe0oEbSN+yDmhR4=","czvjx93zszMZ7wrfIT5RUUmctb9xJtkXWs25tdLbHSk=","Pq/fuggF0WHl9US/7W9vxIIgqmCqeBV8T6LFw2ClEPk=","lgOb0uQenb9Z++tP5XPTIyFlvLnWNwy+CvhLz7ydlJE=","gUJkejhoHFVvK3B+6VXFfCWLscHvQ2aINK9nibQ225w=","5k+w8BpqtmGQXmVJO54gw3pQ8jQNTTb5/wE1XIiXq2s=","btLL29sX+prcgUPOJjQKFVQSZr8iNZA0A5ivPk49VXk=","eMQ2WzSZnl7OzyTID70SxQ/I96Uwx4qfChm+honpHi4=","GGRW14+9bLUVIlj7GywZIdrfJzhvEgNPvXW2cUMJU7k=","Fl3FQnBxOb4m0ATCvyu7Qou37ZNqZyXFP0nVavacQ/4=","iw/KQxkHIt01kpXIUQNkNNdVNuW/eVKIV1Qa6rlR8og=","m39yqXRLrvPPH64tAG5VPHvt6i6jih2Y4jo45p6g5g4=","zOrurOdsx8o7tD2o/eubk8hcjYIAiio1LRnrHZdIcrM=","3giyap0YUtqDvk0hJlNh3E8Zl4kZYl8/3uESMILrW54=","aH+CB3Zh74nXGoyosPKg/iTKeoRFUusbbJOrzP1b37s=","mNvr4Mw8k0/HB7LqM27xgQgH/IJRS+VFZOVzB7T5ZBU=","Fd2Ms7ztYPuArncmns97NVBgeeTgQp+8bCWpMR/Dqoc=","whYT7Lh4l43NxqOmSP4X0MeASSF04HgsZUsTUbj4sx8=","hFB7Z9BOlOTDQYyHI22BTibRcxIMHkIOHFdr8eE7vmI=","mGiaHnbK/FWo7EdqkIPOs4pzsRCSQ15TculfvBboXKU=","z4qXWRgFsvVQEr6XME4Y9ipV22DTR1jBG//BcaxNKHg=","B+Liq221zUPK6i09qP2zykMZ6eXMIHNZjjKWTw2ZL4E=","rnCGidSiHO8qdQuoBjfp9Yf4Qwpp20WyUdqnqnT9YIY=","ZhArafEzwpCQLB/sZUG0wM1/F8TSsSC5h1szsmaDWvQ=","rZgRKt/u77GyvEIsEUkTrASNX18el5zmU+lht0yTh+k=","PySuqlZjjwcmsp7j0IHBtyq5JtQ4jgqgTk9cwe0L1Is=","g87ZQW+q1V1diyGye+ejfls4AMOKNZvLDGu5tr+wiL8=","YxdjCyeaU0vB7oAryxWwmlVHW+3troJX1F5kEu28q8E=","bUVL1q8qp8lW7MpHgmm/s3LHX/SxTTOnFPiuIq0akXc=","KQcqkMrIImQvsxFcEmdzyGukYmIF70CNvPzFzlSl2NU=","JpTS0RaIH47bijvfq/B7t/6OKYg7CTTVc+fjipPgTVQ=","4r1B1hdwC/vU6GFKJaXbdHW5dpF7WbR1Zxa8w6PaL8g=","zBmS4mto95Jl/yiWYfcguxWsUeB/9YXr/DSuDsyK3Ww=","HYAy9MHmlyKXmkmnExSgVAWXeGYuqh4WrOrD0m2TA1M=","x5fOzEKbNEuJwpK9G8L//rBzqRYGYLnvUjkAyLCtgMA=","pAKTTDq1+zbGxS0QxfKV1+G8bW3IcWQLesMn7a5TBQU=","eEECL15oIJ+lpu7FB0oYhSxsXZpitpyJ96qsV1weNlg=","Vsu2LN2R3QRNxoHm6s3rWd5yeF+fLtplTbx77BkGytI=","cHwP2XkYP89BcGhrN1JrE02VhcmazmSG9rB4cibutX4=","0P97DnwONYIizhY5C3OP4mr+E8rF6mOXDElUGHMzcF4=","cIECXDAYLY6JYSLy3C8SYYGi+etjkNY8VbOibSh8ejM="],"block_size":4096,"path":"background.js"},{"block_hashes":["msQJVmtkY1WTYl+eEIaGRZdGEmdgPv7n65U8pTKmwd8="],"block_size":4096,"path":"cache.js"},{"block_hashes":["Hov+T1RESJP6IGaESK5sUWTTg1IOrdToPzceJwNU5g0=","bVwLcaLCbWPrBLNJYr0NZXO9SRSfZwQYnExTNQQfuHU=","iR4e7l3ee+CAKA4PNLaa/pE/KILbE48tbS0coHGXuXA=","Q+H7M2TV2SkC2NDKgBOHziRS6FFr3b3CEhza4CG9114=","Qgb++5yrVKlNMjZP0gBhIq8XVlLlfIIqF3U+kuft9yo=","cPQ9yv5zy9hlLM2/UQ1qHfiuFie+Mq5/wacpMvSca1Y=","YEArpz1G4lsIY8aZ8bIMiUcjNXaKrqv7C4QuPTUzJ0Y=","G/yqV8OZs8y6cXSCV7NTqQpc9XO4JVAk4akWAaxiKWk=","FosgcJOnk/s9DvG+hDiZDeuWJEti8jwr/eXbXCNjB4k=","S8/Bj1wO2HQJUcae5/zIffmtEVZfnm1yCx3xd7sBf3A="],"block_size":4096,"path":"content.js"},{"block_hashes":["gqiQs6M6PfimEp5hJl+MV02MRHpe8jUKXVJC18WQbIU=","bdBWQW/l/AkW+kTnRAm1HUS99M1NNzBW1eePDlZsF64=","BmOXNrRqtBpfrht0Ov8/L2Sm8A2JClhCvJU5O10/xBg=","4qLSDfynAiahPFvl5+BLaGVHg3xIGcFbIML0REL9Gck=","TDm1PeTkdwsnbU1PDu2LF1aGr0lr8uoOAct79364CJY=","alLY9Bp7MIHaW4TwamFWMY5GMGxWSG6Zj8eJbpSsJC0=","e+HcuNN7IWosCx2uzV6rEUuuXBd7v68nWNwCanyGezU=","kxQmwo5G2Q6KkqEMenDgrsc2FQjEIAwpRyh5Zkrdpt8="],"block_size":4096,"path":"editor.css"},{"block_hashes":["N8Z6BhtNd3c0hy6Q3ni7TXzR9h17JOV01V+90MID/z4=","LKKzjx474sMVgL4HXFJY8qwEFZ6RO2H3+BxG4J+hES0=","YagYQcekoDsyDmDBiU4bgwOQ8viHM9iIb3/NpWWneQU=","Mlc6oeb60f6n6sZnYllLIyTewRGg0YifN6/T/D5AzUI=","1mbrYaaofp5DzNNIbJKJgWqQAYm/ZGZcWZ9NDERFlMs=","yMwcJBl6M7BGdyjgvFXN0dqzRsdHAsdDzTOtNq3Eu1E=","mWAn0gRufxnz8kXpjqCnI3/BVWL9XD71dfw4UMDS3TA=","Mu4/PSBrOtaBI8C22WSxKHu5TKb2dkmsrGh/y/RAdT0=","dIW/Oo/VHfnaaNAs31CxAiaeM8P/E7c+UeisdlScyfE=","eF0Q0L76uwtil7MfN7SogoNv/Od+oQ2nAvKcdbgxWTM=","z4XYwaf7ZPsrO/6vNouJRfp6ltQcZymzUX3s91aaC5o=","ocvuo0B5AfDhx38k7Scvo4tZBwU8sjD4SixM2FcKhis=","yhfvd8LWlu5iy/E1i9CVpqvCGRRlivuaTlp5vxIkvG0=","lmB/fJ4c33Uv3K3kyJ9qkn17p3jQWh5YiGbbHNCHlak=","kKLolM9ULqYhMWnqlMeOlvK8CUz9tdFcrC4z/mcu1OM=","e7ZYdQFtcKkHwFP2z7dVCMkvtNMLJPQJQVMYWi/dZEw=","SMhS+zBiwStWH008hIVox4sTx2Ol4ZC9pASwGhO588w=","xK+9zeYJs9+rUMJdhel10N/98hiR2B6SD6R+itLus/A=","W6aRnt+pMWKHHScOOAF3rs/BuB7bEwH1enwVxrUrmaE=","MH4V/BbgNQPt6qDfM4vtGtOgl0VWf6DsmOQs0d2waDo=","Zxrm7li9Skiri1qS2U8Wa9aHLenqxqT+MlsT+Geh5Eo=","NX3oam/Hf4GbDtYeF9ecH1QHANeJQ9P038ODBJWTMRg=","p9oyCcb1/ieQo715zCw2C6UOmr1td3hjwBwWPEXVfqc=","X1wRGYU04XNUufzN6KVT/xjgwm/IAMsFnRX0JLVkyCE=","/jHQYdtCr/ABTEQMMj7FjjI2K0ZPJLIM1Zj6v8YbhMM=","9yaru7xxf4McukLa89rw8INyidcNEgh0QGn/FOKYEh0=","hirHNt0RBRyO+QR6TCuYmv/BEs/T/RIkth+SBwrXPUI=","IqqG4AFmzPQSGU7usHC7om8SDYH91U6RMuqyEB6iVXI=","KlM772+6z5JY5URkDTq8a9VcUbofCJ0ogXbOo4xEvSU=","I0T5ttCSpxvgKWHr+Cgr301uycN4d20CmmMERuNovOA=","XTVXLXRddfQzVLaPszvAIdT4T16yRl24KlKVvqV7f5M=","rGWUW1XDx5gwQRe8pR8EdunMxKK+A6ibfTqFY2TWfSI=","07Ys1xy9jJEAa7RtgQ99KNjr8Xfxpv7rZjc2LQrujSE=","CUNzo0lzzHY7Qbis0pesnFFobesOUlhvqfPr6WpoAV0=","KCsMZQvSFEWmmCYHUiYtf8dgJxmI3e3SL/gRCH1CnHg=","Fvj3s3fJISo37BxHXL5MpvGgEXKODPd6FcvKkxs7JmM=","3AYRje3mS5FXIm8CYbxYVPJNF47bKEeez53HSO0msG0=","ZwRTAnNvJlGGcRkFIJ6BrYrizbA2tOG0YdkeByfZWhY=","e8p8Q44crmGIWeC5NGjCGjU34lWxqF1KyFbfa/XgFHk=","vkPiAIkG1Lhc4G/Znswu386v6G1NQNoPKNWQK3z7SGU=","vWNAIwytKC52gdJF7DwKJIyYKX3+l2AbS5akH+U4DTs=","RLHxsId+Ojg5c54fKgi4iTQl0rkLpTzUmVyTAlFRxmE=","p2D4Ty1XI361HKyvZuHvaGzfSGD9ZyTvYxOc8wiyYnk=","ZMfqH2fvweBTfX+3mqY1bcBDjUhhK0tappdCArDZJ50=","MaHIw9FlcVuqgaBSyhAJuu2rdKtgpxua9FcFK8NcO5g=","UZH+SLcbNQOQ6XvhADJtUf6jkrMtJR1/xP6IQV/JdBo=","AHurADL8RANZ85oWDGvEe9fL0sjCX3OW/oLKenTRgqI=","fpHf4IW2EYq8/o8w2R8YR7PjbFhm7Zx1XIIXKGlVw/I=","W8bfLNTTdnS31vt1cXmjodRysd0Nwcdvuf6YaUoImew=","+8cQJEH5ZgqiTNa8gE//+ps3/8dxuG153E7gk1OTrz8=","f+jp64TQJUpBl3sbvigKpG+RfqTKMkk+4HvlXlQyx0Q=","YC3QvYH/VXPWPw2n7monDCXf1zOIjz3yBXujTxy+v5o=","8pJOArah5WTmurzuWywDa02ho6tOXX+9pFeox7DTSjU=","Lby8xhUFxdJAiJ3FrwWdddtSYc6OsnBY9rn09bSmHW0=","Muo5gywnXzTruodrGdp33Xu02MgmM+VaRhL0PWbAUHM=","Tr7MDzy20IRd8r5U4E833UQdmW/oOwLT9loCuU7REXA=","H7hpR+Fw/x2O9pPV4fd1dvDyl3KxpxhV7RV/wo9ISJ4=","eCv1++n5X0/A7I7Gkqev817qFETfV+WSdLJuqdMtXkA=","MT3bhA9FlP/bedcHM2IdXHUHjOgUlX50gjPn3eXHZwk=","HIPT8zwoRiNhqvE8B/xXV018Fl/GUjqqoLGeApYBz4M=","IKlv7yMhHpFzX1YDjEK31nDn4ggTs34T2msbkx5FEI0=","dqm1FyL/EHxOLqS47+T4l2iYSBkNhQr/v4/qLGpDHZk=","t/IsLpePOPcX2kIAvCaogv1nlHzWi3wPTYlquSj2R50=","PaM4ZhVor0/nZyk9QbVuTvnNpg5YS49LxDABaumNXKU=","IpJFC33WA+OZ1Mwmm7Vm7hQJO1yF+LvjGTEQoolM5Po=","IN/jTxqXPVn+7qep783xIFpAD2lv14U6MPZDr9wCwaE=","5hyIStY3BKmSpzNdymS9dw3wrzsmM9prxAYxrh4saG0=","4XX2FDmDqAEjTzE8dn/LeVn/9lZiFhrqbiXZodOQFGo=","PhoEoOmEbq6igF5jKlWqcVfGzxn/3v7BRstKt52lRK4=","634V00hoHxN28bCCLXVC0YFfQy4Jmc6HRC5FdhqiLjY=","2G9K0CwHRGO6MHORTq8dWAtNktRN6i6i6nsJcdJCRbw=","rWaxp6PrsClQsS4kyYojE2l52mxr0hNFGaxUMRYdrcM=","vyOro0sWPKBck9FsAqQUbb32/BTOqouGV3zUXfgoHMs=","65NP9TLmPF+uLieyVGRyj+QOR9aMk20VB61E0cOBmEk=","bYMqdYjEtqJ7qeqp+pK0Uql3CocyjIQK/YZ+W2469zA=","cj3fS68pQ/kKRFpmm1JNg/daRny0zDGDtQtFeSynK9c=","ZlnQ1TOVI9iXS1BERmoALmpsxgNyf/3Z16yLiuWtNfE=","tgZVe8qxqFAo1Hi3W78jUfyG4daSo2/OYwFB0rnWlJg=","38ONJkw7RWbC92LJtLkXuPK/jpds7264zEIGFy2b1z4=","xnEZr1ZFAvkBJ5w/EkW5CT54SFQ1eFZ9MpVXddg/opc=","zT5zvcWkx2vQbdL0jMUjePbVnhOySm1q6o8xVZj2II8=","QcV9D6he8s4EeikuDqiclpNBZXFpF4Ep8FGGrhseBHU=","4KrkuiiQ0ByVuZhx1b3rj6LzkzYFsm1Ltq/zf/i78BM=","F3Eq+lv/qtLwC7tlOrOk5X4lPeQhDwy36Y7FC5Gw8Ow=","8f5X3gwJO6dYiZ1ehx2F2YhyNXOtrKW5DMw4Er4Btv4=","UgOKjkT8dnYYnmnGOeGugcsMjEiGWV/WjiRDRwjQ9Po=","a81RdbnmJKaqCNVqipToXCFl9hV4xOSR7eNBbLN1gyw=","UIA3warTiUcirxFWKQsERbppIfV4UTJMGozfq2pI1NY=","GsxyxXj1Jzq+SxeLfY+vJS6CrbYNfQVCtTuGTDbE6PA=","XG9KXJWuxYhY8CKp8iU5yvU3xjaKT64VWF1ePMg0jTw=","P03pL/aaCR9/5Yb2eo3uwvLHRllrNE7SaNpaQHyq108=","K766wKsLc7jQGMf71/8GhRI+GpzlN8mAQ681Pk2MRwM=","DUR8BdjzVLOaghDY2rOZJN1jr01KO5xrpTPJDCVigMA=","mchWUVvqnLvS5G4HIMLaYr+ivx5udvggSLirw8zo7C0=","tkKdVQKUM4hgN205NQhg4LkwlSv+9R1OxhVmv81IAQo=","82bfejeDD4zxsQ9GYuUwJJPVLLv06ixzhZTv9qDSuCk=","dwx7ldOXsY740ffGEdPqXWeY2Htik97Go7VDU6Zkq18=","hp+M9A+bSOrmbWFklMlOmAW0Bw75mAwUD1W3C9XokrE=","1eKZCL0U3tThDGlOJ7GjtH2/O8TeKTApJ7YGEBq5ZVY=","uuAn+1hT/T8KnNQPSCHuqePH3hvPrxCyb2O546oJICg="],"block_size":4096,"path":"editor.js"},{"block_hashes":["phSVDHsf41sRQF6U5Ko9XYn7sqC7X+khBrTJ9aojFL4=","vY+EFDm9kONzkFa/pS2IFR5kFYIdSdlEyDcNHqC8CsE=","hTQJjgiEHaedz/uW3yLPEeUGgUUDOa9DozukxQJCK/w=","PqmsiF5bGF69C6JIDJ2y7nfHBLkjdMWb9nxh+nct1vs=","2TxD+cP2e8RPikqFGx8q0UEEfcucSiZ1MJraskZGlQQ=","34l2ckxK1pp+Qv7FGEJN7MbFPfaW0r8jsrkLsEjMGbc=","Z47WEAmRC+81gMDSoFq27QIIBpzuF3QatXwSHQr/qvM=","4i6aLZobr9dJod3RWYiSOx8iUSYNZk5GDosar+7piog=","FHrDu3c//6TFH1lSY+sP77sihqEm0ZLANFL2rn4miSM=","c1KA0qcKPA0wwRf0eVZ2BLCcXDuOgEGidkB3C5LJAGU=","ktZHrQmJsiydyVXWFVmKkOaMW+JQPGpO3cxSbfzjPnc=","kWxtlq5+n9kClFYs4RAfT5eHXlzViISLvOkDu0oU4ZM=","vm8ocUng2NdwMIwkBy+BBvGAXGu5SCSGv9IKS/Vqv4E=","gLcXYkmG63fFpZA0mIoccmbE+VkjtYl63zBPknWTB1g=","7m5tU5T3zPh0gh/aC+F+WotkbRbZFMZJVDhvYER0dpk=","aX60ckecBbWttRlDMYglCFjb7eUlYgV77sQkrkhLvLU=","Ws2e6Mz5azeJA49q/ZjzqjxAHwhdn01ubz6yexUF4oY=","bBx38Os6e3DkNRg1ftbFBTIyjTBlWqkMNkxW+8ik4js=","+RMjHXWwwR64IqI+2q7yaRNxy+HKgn0rGGCYCrMFhfU=","DChZPmBuJFP6JSFZe1fDb/PNty6UQouSyFtjJ+5MXbQ=","sbhNRQTInYqw76Lhxzcrb8cKHayNPzgeK2Gy6CIuVEw=","YCpaP/VYbpu/xnMqy1NYO3074VjA6UFyYIsC888e3ds=","UA+5skLizaUT/qKG9veIcmRqaNCUmkXGjCkxxIGWw+g=","8bMQu2eZ1q7434TxUCfRW03dR+i08Zl9JMp62c24CsI=","WmQTiKR/wnb3N4ZcoJ/vx+Q4TevigmAF57U63oELIso=","msqkQ52EPAAMvk9Jk5dCae9Epd44ZIpUIlm3ydmHc7U=","nc+IRSMwtMcyNnPBWutT3cqawHHoX2TZZ9YmpCNMbwg=","wOt8SM9kVXDrCk3MgIv3U3L/It6SCQsuMGm4DpgPK2M=","5PRwEiq/ZU+ptk/ilKdZdiqXEqbHafXvcrxNJUZ9hw0=","uBIdaYa7R9MuPqKxpokbENvxZ02jSAzVEeL0pdx3tT8=","OyDgJBywLGqw9i7GsFmbP4V9cNEyE+KDCi94bvv8vK0=","xvZDBh+nPHEG1hdWaOg5n57ZFtBZa1F8sSFtBjaFZCI=","R7hLvWtfEfI0+eUgipk7z3zfsZtv1wkU+9TdxiYfI0s=","c9CiNrZVhgxUghVDDJHOHD6gsKOU5HvyXtov7dVDy9g=","ys386SxgGBY3XB9sU+BO1C3+jVyzZyi3QlCdbJGeXAc=","v4rexH/Fsbx7ihVVWIDrzG9RpX4Jm+5ZdJpvUFy+WNs=","3uCeHG/8wWZ6lLvhxkb/zCYnuUwIxmOOd3313S9b8j0=","fCB5qvDaUSaqI9dH6Jhm1ZiRW7r2AWH+oMPId15mDNg=","NXZCwpK02LrWZkiZNAucBPSgFObTUiYm4VXDBH6vzGU=","sGT1VyTTO00lP6adaAsiJAC/NJdPLh+dpyYTijEH72U=","IfsLmYMk4LO3p21+Fr9rX+G+ye2dexA7RfMdqH8Fv3s=","jarAFQub2lmvENu1GmKwz1ObkiGvXS3tXAdVK3ngVuk=","wOs7yFtdypNSaAN7ZtgSDl1wVwyGr69XantmlWygHFU=","E4MHJmGv/N1H8kY7Zwf/4l9U55gnnP6Kt5K85pJiBf8=","sqMMr8HpTNr0/27k8VMX4LAtwM7pZ4MTBU+TB5MuTXs=","WtXN2p884KUK0D/u4oU1tdek8cuhp0kn0JhEr+ZbEtE=","OeQKKno7ZEAD1O6jI0TsL5TB5N2eftdHtDStWnbuyLQ=","NZPdq3AhHeLewQBTBNO6GAQq/OpD/adCeFNUBZNoJoY=","HfAUWPhwd+H4DFAxMIacPORfG/9xUEs83gx6ytiuk24=","jhBQW6M2wA+271oWJNIZI6ie4VlHeTeUXG6dr7aalVo=","xnYdrIMpaSuoIKMsBRMPuNnVm4quhEP45bhrqHdyH44=","H54P8YDggM9Jeb2iAsLLLUc/Sz6ph4RAAwnAAx/PJdA=","3P15kViWq6Dt0KM3egbzBkJH2qnLxkWDcsdrWGGOG7c=","eTMQiIA9+/hH77J/mFIKSN8gOCTVQgtvyM+w5WBO2s8=","AJJx1lX3mJijH0bJO4YSx4ekuEX5btGOF6dcp855csU=","HCB5J2xV/UuiCeUrFf745QaqYSpvHyKLDYUNB9xWlt0=","UilNQYFCIuX2BPT6tx5SQnTvsqcwDefCvcoMdmCv8IU=","OwzRTMWDaWbd/C8oyj8uT5eMRkiAZfNd9wWAHWmwuZI=","riDrvOP73QGuC+oP5L1JUd/p6OavzDudH7tvhGBhEYk=","TrB/FUy0vy7knK4lwT6Ootq3jbqIwUcLdTz2HmrLYB0=","0D2WnPxuc/GB/bNOfoVOcYDBLkHGc4OWClHl9I3pfKY=","Vn0OMtpQI/5msC0smxQJTu1dAgj7tGnO9iUV3bPfop0=","LQoMCpzGZiwvGg9MeWGUvVyN9V2VaHq3c+xQfGC7Ju4=","J9/wy2FWF+M+m7c5KGkKYtyRhjymzZX5TvYonHvmrTg=","95hee6f/crzXEqACDXCuBEQznejAqZZTYlfs3DgdqyE=","hfAx27ouGaY+jAe17H7mpt0lSrpt/cHoMVFawGCihd0=","lhDlGzQvP6cH9s+KArxDcJYXuIl8I+6Lro2jjo/hoUY=","5zaKzF+hu7gGZfsUp6JbyGOB/RR+zM3PBpSUCGf2/h4=","o57UlsJdatcMZ1dMID/0qMyZFuZNxDeE/FHv109nw30=","XH1wDdAza3/VZsGMpHtau598GHSEra0e2BIj28osTXU=","/gaW5T5o8ZU7IwJTC0529PBk1EWCkyqpUsNH3Je7VAI=","nIGdUT25PzgenK1K5Q/B5d2kKOdTcARN9vEm5C0qaCE=","r8C3eM9y1JptATh/TjPqGAuuC44qKWCUQFBBpjHCNoI=","wnYGI843ebJ84eH4BYjgYRYaUASULlTVpRR5bZ5owpo=","wee685qvrZ/p5ehy73BWRjzIhyolHx4bX6c8aUrErZc=","evA8fWxtD3XeHTNxhG6IgBK33ztHe/lWDG2YALQN0AI=","gkFNtL4l7Y8mtFfKk0D5L1tsd0y4OJcTya7Lr6hQDNs=","XBJB0U8XpVTu3S+8iFQj3CgYhyGMnuBtn7soK5T4BLw=","FkaL3ZxxTSlGO8WFVDiMK/T20Bj2l8AcxexdMVoc32A=","FUbth6P1kUwXablUA21sinRdVctKP0+qJoMB9WXLaAY=","1Detyn4iM0pOlGZ1bsEMwt/0W85xPVU6dRv7UVcI8UI=","DSU8fGn1+TIkFtqJ2xS0Uatk6AI/RWJprB+UNMekOXo=","2cBeruXC3CNFF9sjOMvPuvI3/KUnYHezj/7PETN4g0w=","Cwv2j2EAk9LUUUdgeBLVYPudGw4jPVYSy+h4s0aJl28=","IJSEB9zE5I5bGfkE+WP6q0FDta/QcAsHuvT1qt2xTkY=","I/B6cjfTgjTgInIHDqMovqAyXMmJUSJc2pHtJErCYQQ=","GnYJAP43ITbUWoBXsSFQRQdWr/gMuVYidjlg7zpvMfI=","NwIxAHC5Nve9Zy4L2jgw4qhNGc6J2HnEmLZUsy03PLo=","bU3OE/7PDMcswRDBnGH1ydH01uvWQ6gSo2y7RcmrKG4=","UiundPQktxc5ulbwRJ8zaLYK8ZYY6Ko9fzrLEglmF+I=","HFH44vwwKIti31c3tsN2naN2I0NkVa8fjGYGVU3sGz8=","/WYFJQTs2hrL9YWA1ZZRtGAM69vwU1di9uJOzdenEOc=","DA0UI3Ra/qBna5tQDTxFQlqJ4Rb58i4cdGhjF1MhELk=","orgMziBQFaaD+1thKdM24lkMVxLgy0BxyGNHda9uUnA=","ZyEq7ADfeDBVuMXlpe4ceUD/UEe4OF2ZM8gn1K/sq2s=","Kuz6NDX47R2HYmiwFsCKJNA0HOA8267IBcBI/DNe4Do=","mKh7L32Jp0W5ND24AXmuy5AIuHmdQgz889dBtRH8WJY=","psznTrWW8FOMTewqg+kuhGVbdZQBkrRXM/sdBveNiiM=","32+YkX96xK2hWhyOQ9ZOT+Gze3phohUBkBWeq4Swl7c=","ClKdSqTrDvQ6Cqun19NyD4FU+sj/vWkytujMnPrkPNg=","zUpvIsczXPuIuXM7yH9cdRZyLnG+B12MjLxAJU4TUcE=","Gta8s2e//ToZys/DZtEfDIN4knFYGHLkusUtHQch+V8=","GbzETYhQYOlHNFUxgx5+sPQELbau4RMZ0LTxNG1/j9U=","UMjCCImQQQjIvncHbtLxhlC1xJGk6BFf52wX9I+e1ks=","ChM9hxBuB6+S6ijSPmRA6xLIlSyDuzDoXiYDB4sPHOE=","x+OAgjPBzqVXJKognvGhZVoV6EgTo9qGCTZ3D8PQ9Tg=","buRdhvZSltvCLZq6gU3eeN0RifrHNbZqCDzR+Mfvr4w=","SQy/vYvMBURY5OOtPXZ7BUwLu7nH+BMCU326Kyf7gcM=","V6hTorE05R6DTdSYedpqXIkBAkEl0+Gqrl/Nz9lP6mM=","hZuJucb5/gZkyasfVIJazBOI/v6NyVlzWIoWwTKhO0A=","ow+Fn8013SfDLKE2gUpWJlmFhDnRsQWHdoV4IpnfPO4=","/Fz9G4+Z9dOr5rTpEqaYDJK56LQ2VRXyDW5ZbxsFXWo=","zJxzmufbAqCwFXCKw/+6Ye1BQE6vG5f8c+9Y5nbL9B0=","RXwX174QSWk2RvsLa4aOui3FyqRhXLIIvZ+iOfASWps="],"block_size":4096,"path":"extension.js"},{"block_hashes":["7yq5R1JWWUrajGVgK7hFN8bNimMh5bukZaiCzNKHF9U="],"block_size":4096,"path":"images/icon16.png"},{"block_hashes":["5HjbHbk4FWiRoITNHy3Y2FN5gmZjwNH6lbu0fDOK+4w="],"block_size":4096,"path":"images/icon19.png"},{"block_hashes":["tyFBfQniKB8GtrOPJ96X/XuUkX3AGoF8PQDwNOLVhVo="],"block_size":4096,"path":"images/icon24.png"},{"block_hashes":["L8+hF1wGMgtwqTAc8Rx7QdQMm68BVEZoPxQYveEanPM="],"block_size":4096,"path":"images/icon32.png"},{"block_hashes":["TwbwhGdkjhd4cliDhXvNCD4x9DiIUKnFfjD+nzTxMUw="],"block_size":4096,"path":"images/icon38.png"},{"block_hashes":["KehKk1qe37ONu1Fxr0dVG1f2yE0rkpN8Tuo6wrQqvZs="],"block_size":4096,"path":"images/icon_blocker16.png"},{"block_hashes":["ggqI0HKnH5kRcsLeNVVkF41sLHuYGEf6o0AAu885X/k="],"block_size":4096,"path":"images/icon_blocker19.png"},{"block_hashes":["5q4uMVCfh3B8y+kQ2HP5S4ABmW2N1VbzoydUFNMSnU8="],"block_size":4096,"path":"images/icon_blocker24.png"},{"block_hashes":["aVKHvXcpt82QOZve0fgEkUMjA+U7kSqvjYxK7CSG/Ak="],"block_size":4096,"path":"images/icon_blocker32.png"},{"block_hashes":["U3usw0ymXv6uSzln/luMoIf0OkEcEVhjtNNqq5CwDTo="],"block_size":4096,"path":"images/icon_blocker38.png"},{"block_hashes":["6z+l9EVlfScirLv9rK/uCHZEtXxMC7ko/sU5MeYAyH8="],"block_size":4096,"path":"images/icon_forbidden16.png"},{"block_hashes":["GMv5ezBbnCrZyeT66+cEhepNHyHwxiZcAM58Z+ZIG4w="],"block_size":4096,"path":"images/icon_forbidden19.png"},{"block_hashes":["kEuhMUN8L/MQ6ynyppqDhCb7jhKcaXlxWKTEUxhwe2w="],"block_size":4096,"path":"images/icon_forbidden24.png"},{"block_hashes":["HZrb9g2gm4w3zGPp69Mv0GaCU95tpkQi+bT6PeqOR1o="],"block_size":4096,"path":"images/icon_forbidden32.png"},{"block_hashes":["f/n8gmdTc7Rzjf8mH+DvbKdoW/cBNyu/7Ip7XR8Dg2w="],"block_size":4096,"path":"images/icon_forbidden38.png"},{"block_hashes":["EKjGYbRpssqRCT821ClHnFVqPKMcxNrzDAxVrl0NSLs="],"block_size":4096,"path":"images/icon_paused16.png"},{"block_hashes":["UjzdA7vF+CaRTlL2CxczCJH/zPY7EmDKnlqZBOMofK0="],"block_size":4096,"path":"images/icon_paused19.png"},{"block_hashes":["m9p3KthIjlBeazS3CtwcyiyGCQcFA/QGybf7B5CmUWk="],"block_size":4096,"path":"images/icon_paused24.png"},{"block_hashes":["3RqAkiwp7IGAb1utq+r0KM37JRm3fHenl7jrfn4yZs0="],"block_size":4096,"path":"images/icon_paused32.png"},{"block_hashes":["ezdOXvouVS1/6yYQ2JBc3LS7kFXuTIKrzN+Qb6pYt6M="],"block_size":4096,"path":"images/icon_paused38.png"},{"block_hashes":["Rxz+9hoL1iNjfZExrEaYlSADHOl7WLwbTbokf0/+2fA=","PI8OxiuDz4LO9niGl3uv1ieRCgEFhi+CbDyaqlMAqmE=","N/lcJXUDE8Tcow6GnvmXvzWITL1Q4x77pT/iCeA9qjY=","Sbjjt6JHw99u6QCmFDrke4mkcjfFp9hafpO9TL/xvGQ=","Jmz/uOWgHWYm75EWvf+FcuNbT/JWWEe7aBwlMswnRv8="],"block_size":4096,"path":"images/txt.png"},{"block_hashes":["GSpb6Bs4ASJ6Ivxqm3yg7GaBFwkPFUEdB1Cll/IRrKk="],"block_size":4096,"path":"LICENSE"},{"block_hashes":["efTkp0mmmYJGKEExofAeq504kTPQR6itvdXQgeq11kE=","wWNoxM5b8YxFom3iZPW1QeD0qSeurSrqssGzvcYiP0I=","ClzeqyIrMRL1kTzLijpNacMLiO/pR9ddD/iY9OpN2Gs=","XvFn1xFZkl11oHcjN+3X46C8C7UlpIcDOqmOJ3xv6kM="],"block_size":4096,"path":"lint.js"},{"block_hashes":["SNXeJOJzhSczeW83zerALXMgSUrQ0gf85olO6dw0tyU="],"block_size":4096,"path":"options.html"},{"block_hashes":["gz3isr4H1erGlyrJya7Bo1czTvF+PRb0LLczVxAZbug=","NBYrjE9XQrkoG521jqEOHVASznbnkppbCc7ZcBHJrJY=","ETn3RfIsMvTYUv/6XKUo2AXKr+kifStCTRv2rDmT/Lk=","mXFmTY1YDY97o9u3eaLH3gVCfOezQ+y2cHVgb6MoiZQ=","XnkIyT7pF0L081XthDRbd68AJ+YD2nZBEFVHGvQEvyk=","TG8er+zITMfjC7T6hHacyoV2fhFKnLrjU1bxWCST118=","WZwjYjOez8bSxQiIoI5B0kl+ZK4BFu+Kh2kGUnZDgxg=","tBLAFj1HiIYPGQBWhgbnR3IV7K9T52B0TfYPGoqjdRU=","BcvHgSY+Z0UaLBzg2e8FgDSvZA0oYiQ+4Hc2p6g+CnY=","rRUBxWRiPd4tvQuLikxIGRwH1VGBe74FGZqucOYaRms=","6U/9439pGdHvf4ue/uyv3qEINQwsZn48jRpbJve2BEg="],"block_size":4096,"path":"page.js"},{"block_hashes":["Im4KVxDSOEvo29YTq8TLtQ6HfuJsdpDMC4Wp0eCxhXw=","M/dtFlkRQPvI2cSEsr/R6RA/y18Y6Q8I7rE0NrmivDg=","J4+skragS8VbcgDQObWhhm3grWurGZsbXdK3es+iRB8=","rA0ImdVK58yaWJf4TunOy8VIPcnmoF9uX8TIPyBE4Bs=","Hwyt3sRDqXTsETk1iE0tkk15qtP5psUbZz3SElatF5A=","zEQqIuOLHAHL3vNjARNaPBtSMy4CW02e5+OITFMVLJ8=","PR2lffC1GZGMmb7n1405LbHdxdNAmAqEGSH7gSC+5Ww=","5v3N6SowBUgjItv3nEfc0E1l3lqCoKg0FpS9U5wYTt8=","FIbHe8pCG6Bqg2Yr/DdwAv2Bcnx/YDzRuBIcEFqZHF0=","XdPymt8zXIRP12L2ZzPV49J46oo2bqCw6ZPyftTFDhs=","0j9ZKjtw0xsVsKjYaS1DabykrZnP7tW4MPNSfIZBHbY=","gYSuRyvHtEfDTGK/qWmu6z3WYHUEDvqyhpTN7722z6Y=","O8eJFiHW0pLnwaGL3ipkBca4v/xwD1J90h3mQS0sRk0=","OtYuYbDfk/qUOe/Gf/h4TVybXgw4yVBGfch4FCXGJXw=","6Puoi52HRceu2pfV1rOqflxAXPS1I+IO7EdRf14l0tI=","ufWVj3O5sedK4gKJa4ziVSOmZrgmKG2x+LbIwa5z62c=","A8FB9O4D9q7mhbybaY7i4obp3bBh/tP3GK/quy/Oga8=","Mw6K2dftJuRe6GjHtJaarludGTf98tXiAquPEH+7JuM=","fW4lHFtSeHhbl8XcBsgabER4bWehM/PGfEkvagPn3kE=","CFbrJBVeMvn2BmoPjbMA/shkp809ExKki+ymYdGHnVY=","ZfeDjaeQKJ/1U/84RFpQUWiHFFv7sh9pw64d8OJ7yyQ=","vxPwrvGCqhTvkdZFP0NN/BTqJqHcpuSLdHlwkf1431w=","GJDsR9JDy5jKbHoQpVmj8XMX4COgI2Q3zNbEaAyUpNI=","rjJtZZ4qKT9vDtKh6pHTXSET2CWDu7lPNtCIgUmF1QA=","+3R2ssh4rzGeuOQbPUGl1peRPX3a6hnr6LuZKg4f0Xs=","iE68AlBSdn2onrUGbA5/kA9NRaFXVD/eXK+RYhFKKgc=","nwKEnbr+Yi2jV+474+fEMKthi6gs6QRKzrAey5peoog=","20GUbyLno5X1wTcCKbT+3EGAkzKhMfZXVHIMf6Fj6X4=","g8/wsLD6X0OHWaFHYHjitLGl9N2PxLqroVl/qHUROO4=","Y3HxFPlPM8p2xK+D/mLMmJ8J+rPWO1Twj6vASBLKOdI=","N+MVvVy+nAIACALRpj0QhfxILCiuzlbsE3RJ9a0kOyY=","5RNOQBG9kJ/qqxloOST4WVjKkLgzsZtdDqkvvqbgZ1I=","2d2EKkL1UxIaoOyyw0u6HjIwmH9KzL6qa5UeCSV0mxw=","OUT2vgONgNU2LOEDvorgAEzNsOXbZN9zbRv7h5J8BBA=","6Wz8HKCo56ExZ9q6JU8Lo261NJ5S/y3YEXfYYk3g/Dg=","qHmt2OMp//yAEVJUs8lKOmB6UTfgtAacvCiJgL64FY0=","XwUmwNrBM/AU4sNcB/26wnikEFQNVhLHdFDN1L37LCk=","9Iq/T8tMxjJXs6FWoSAQ/YwRsVkKDMh6oHEKxVEPgrE=","OViFRKxd0aWyVfQfNX4pp7wMdBolEaKA9qsfcWYdsn0=","CF+84ra9HE+fqDmuZ4jIUfJlXBu47lx/dJVgsIdm1nk=","MEHv3qH9hqy1WG+dTg3ecMYaTtru27wmDeRnHboYG3c=","zPjmcCpmV7OSjWWiRQ/sXzONjBJE4iXBQCIrFPW592I=","I5o9WAzNMCrkuchJrJuWPkiGapPcAW62r9HsqTf3fcE=","Qqk+JkKwnb3OKwEepVMEgnE+wgN1tt8rPgHaW0HWVcs=","UOupDr3zG7Gqir15ONEfrbD39GgP+JXC/V45PZiEaS8=","WmjKTsysJ0YryNGxboEc82QHapdFGLzSh43kAkPm5u8=","ZSzu5d0X4HT0gjspIeImugmBXRT4f1//XRX4iAM1HTE=","1KezmCguOt/II/GZNTLcvz6YoAmSrgVMS8S1DdccjlY=","z2g2wxQEse1lEZY3XpakYygD3mfYEK42z6L+dbtqjkg=","Fv9FYwx2nOnEQPTB/354ITUCxESy7mGJknb7rWqayI8=","NeNsqSH/vnYLlmBTUExBGpXEDWXqENDzXEAycU4PQuI=","0Liu0dSc8da9dyAgc/hWcNsazbzA4Fa+xr+mSv0GN24=","ElbqEx4QAqaPTzn8SVqbFF5NFAz0K4NjnvDSLGsPxEo=","lREhNhPZepTlctA6CQ4708eXiq5GRmnyFeVG5hpyGmg=","DO1DLZL+kTI8p4/iCGHagTsXOwa+6dUyJXBalyucpw0=","UEFY1TzTBREXr4IDdBochUhpm8gP4PX4iuQykj4bhXU=","IigpTz0BPi6i8rlGhRVFUYiOUUz6A2v8OIpl4J6SOZc=","08ucHqFky3VISFHq+7QRYttHgdQitsMVuxCQA0jjZt4=","Eja4DL/c5jmw5SQID2apLMhQ9A8txzzVzlW9WKKvDEw=","DS1S36uO4LpY559m09E0HGf2kSBl46HE4as/mJi4294=","0t/yUcCYpL2nLc7ICQFx2B33ZebWIvWPw35/g6S6WK4=","F5WaLLkHpRwsJGKxO3TO0X87ytDLiLF7Ib8sFf+EWv8=","Pxo/EQYeBxEY19nGeuebjBYTqCLgMiE1fyS6vWgLrJc=","9yorxE+m2rH1aYJOjm2SXfWWfnPGQEEUY4zSM9Uszl0=","D3Yb8zDgJ7VcubrZNsO9EV4rOJZ9mQ1OO0PDH5TPvlI=","reTrhlGUPuVQLmCaXhRww0Ja9pZLwme0XZh/jGTc04g=","7S5NKMOHl9Fcz62yRu2eygQWdEoq/q1mrCLfRG5h1iU=","Bq4ZtX29rHHVtyD81QdyCBdi50npP9JGZ8M7M1DF5hA=","2gWF49aL2Xv0UUVX+JT6Ayul3zCjlg9G/UqYj69uyus=","l2f5QQCWq/hxghTdguuFKblAHOGik5JwfYAbGgyR6sc=","s42IA4MHTH04aFwnnXDTnFrQlp5xsqV0JsAWAmNb6so=","8kr/AdRNudQN+flb8c1gUPbHxnAcFsR710FJRofppkk=","pjOuyjasfYtPJTV9ifkGby/L2NU38gpSQa/Dy4P4x00=","mTmRUnCh8sfwkUJ7pbKApAF+eFleY4GdF/sufIVGjx0=","BcLaHupJbjZkLAxQf1OepI3LC9Ovz355tOEC/eAzEKw=","g3tKulnCf/MnjO/uh+Ze6m8Q5rh5T6ixxNkvCqwCLwI=","gNzFi+bp8OhkcwGahqQyWi82UD66ac86qk9uSm6LFXE=","e4EIc/ZPvYA/ysCr8P7CSZocCsR0w4YxDNbbHDtnWGQ=","aptb8LY8U+BctfkXpnmGZqUA1phHtEkIUJAL+0mxqyY=","3deTFPjQi1iTojPmKW7IxWlk9hZex8CrC2IyyEzX37c=","XmXbfRT89aIvsaC3jzNFMsJZx+VEZlYkuMSfbyIh7JU=","ADQkCrd1GeDMFnghkvGD8Gwz7UlpsksnIwz7gcmGmas=","p/sCN5NFNXVImsIQpscypqcZlbhJj+hwyTzmEj2Q3S8=","iJW6/+nl27XavV1nmI+5PfHR9oe98p0hmN8/pDe3+nA=","Xh1OKy+LlajhPZZBU5EVQHumf+KyZVyWq3pcGMJBZE0=","ZzTXb4EYNNq/gxBuR5Po9F5++KrHxW4uj8LmCgMV7CU=","MUY0wPGqFQDQws+yf7XYOb8ZtjgzN+jl0qW9H4Vt+uU=","tk+PXyTI8tdRzoA7aMBOUat/Cj3DmUfhvekFt3cuzig=","VXZtReWMev7Hr/FLx53nfoVFkhoojqlEHHh2zzlpd9E=","xGWO73lPEWt8pdD3SVNqjjNkPTESm91zqb4IpmEoWsU=","D8sot9o1WXvEeyRMloiUr1uupikKBEElUefvtdoSruo=","wO7WLI2f4rc+/uM1z7PkX9jfsorBKKQd8KqUseQ8JEk=","Xe5OtoOztdUybOvbxsIG8PqfEimzyQnIL2Ecyohm2Gc=","yjS24yqdaRvusON5CsMWadXyu1Bx7cPcX5qsR4Ftm24=","mIbRNYIYjBJnuEo3JIY3bTE8UpkoJz0GCuCEvCg75+U=","ThHLNmxnKLgLU0E/6PoKmubYaolfzx0SwL5Gs67AmVs=","oUCc9ViFoUqfNlJV36J/ivcv2YlIG7nCgUGYh5XFvXc=","xM4RBWwrqBy0RAo+RSbA6x7MKvQMOX9q7V1a0m2P/64=","PQ2xWPGCVWm2HzL0n4gZtlVLTx+kQ/YJ99tAWOdu73M=","CLSS+Y9Ziac9N47bRpB+0c5cHw5iEg9csH5bfrlKnVg=","SNbdmC6SlU05n2sAHVqtw15I9tmXHM9tPfolQxrDUSA=","UKdIFzl6NX3CvW93Md9NyNzy7kGCe/1MyxzkCXWZ9Y8=","uxz4ehd9PPuML9MSb3D8z3a7mn+CUubzfL0epGTlHvg=","IMdceZms293nZFUA00pjU600MQUqPh+K8X691/bo+PU=","ATjC7bV9oTV/+HuHn1Xq4s12nfipvUb7GtjWlhrLr2Q="],"block_size":4096,"path":"style.css"},{"block_hashes":["AbpHGcgLb+kRsJGnwFEktk7uzpZOCcBY74+YBdrKVGs="],"block_size":4096,"path":"test.js"},{"block_hashes":["LfmOq8P71HpQ21JpSQFWDze7zqRzdlXph9Lipv33HPs="],"block_size":4096,"path":"userscript.html"},{"block_hashes":["1abHWpuxiBvaNr4JN/kA1DiOyqMZeIeZ1hMeOj7CaLM=","eOOfp2Uc3AcsLY6DqVDCGpq89348CFSVj95zIGlkDxc=","3bttYqHNPJ3uCdGl49Xs0Y2s8BDtXvUnCnhHsmJ9I2c=","YNYcM6vR9TsArE7K5fIWf/+40EdViUK6VrjbIlxwzFI=","L++k2Iu1fD8PU0pzK01U8fMEMsFeILU21bgCVmcfefw=","NEu58A+EtkQjdcZJ6PtA86Xx1oviBAURJ7TmzHQ5c6s=","4XfVHfruU7bp0TftuNwF/wQAqDXw4j/HrguTQie87QI=","d3UZKyrFB60T9jDtb238E4RHQhpi6K4l8MFzveLlGvY=","MGrGY7PPi/+SO/lz2FE9TlyJpVlVr7Ih7IcuY4IfqzM=","Jlv9D1xkal3NyLS0+qcMkFOUpPIk+E6j3QjQ321A29w=","y4mtk+P7k66/qza2E89bj02AptdL8PwXmxI9hJbU/w4=","oladZTRjGcvBiJpku2IOyHO3jr8i85Ca+ofhZeM2Tfk=","diMYuRLRYTgUtlGuJY3BwSIYumw0fVaqJS2GHCDmZkE=","l4bARnoriQvYzECwdDGD20M2+HCCh//U7KJD0J2ds8M=","6ZhKzb5ZZLyI8rhQXW8ARP1ANV8MLB2RN2ilAOm8QS8=","+yulKpirj44rXFMJTLoyUqAH83zomHcPIRum1dKHwqA=","S0tYqcP80eUQ8kpUMVq+gHsVhJG2YN1yqOx6Xf62j+k=","1KU3uNL/sJ/XKxZEfqYltPnugKRv6m/I5sp1B4NqaWM=","TZgDrqlTG9uHD5bS2UWBdW+lWWuQClekLsm7I3oWoLw=","eN3Cvbm57TjTM3SKXyoZ9in2wv3NFjxjChJoORKM/7Q=","S+d6L1T4nBFNoynX2SwkAq7uvqnHRis4w/nIo0kMi/c=","hNjy0J6XtHh3J8Bw3Ju7F6VR+2t6LnQ9WQzkB8VfpW8=","wwAzLS3k314gZ8dKbEieTKWhGTW6UwoENDQPn3vbuL0=","wmcVf/sgSrj8AbEI9HRNAk9JDwC3pf1EXn8XU6hiWwo=","8G22XhvrEbmyMX1iY9AxUYRomPwT9/rlhXAh7awCD8w=","Mj41Oy7uIHFhs6UWoUXXAXReqjGeyTBYCQgmdCsR9kw=","qWYtbeCtJ0s14X23kb9mVZckcxXburWHNcCstm7SiJY=","oNx9Vda71xrTjMzG8vcw9rY5hDL5lxXupanEtNxLxPs=","4o2cDDOiYkqQ1XtGSt/C7/jJC/vaTick0FPjUll4wI4=","6W0XqwAbjLVVKqmMkVIN/UVV0UITStGqv8RqLzyoRWM=","K8nYTEWwxWckZAiK6VPL1PSRGA0DRoYJOUsSWsaVCl0=","k4yJ8xIeWOyvAxC0vHPFxx7DI4FDSoPileDb81sWd4c=","JkwoUSR3o4izqoYja2JT6cEw85+hYb9r3VDRKdNCNaA=","Qh8GhinE6QpLJmUXILAuorboucsueoRPt/S07WJHdQU=","78KBnjtOvPcC+8Fsbnc87m9V8YYf3U+O4yp/nPF73w8=","NSfezx5HEM4mddcgd2Q6NRgxF+cGV1KM4H1FDBZTyHk=","PvVcxA+EtbljtW3gsbyIFPt73ymGSvm/AuxX3UmTe6M=","nrRw+mG50s7DHAltSbs+AUBafvCCzAgoxne2KIF1zIE=","wOF1QkGv4Rjerh4RdZRj1TPIg/vqUJBsAk2IrilZP9Y=","DF0Ph6bzX3ROxHZh0jAOn4JZk+13CyWJPpRON2lWwYI=","DdOWQ92f/med+xchdlvUT4G0WME5LrqceEYJMf7NqzY=","4mCpwA6avy9PSip4o4zKBtQgTOlLFB1xveDLheB/qlg=","CiQ92StTCKrBtaW1EjBkszGZb85hluzEiQVdi6EN2co=","AymiMwrOxOSQGjMGuZY0WERbY8fCDBO7JYhwWc7/aq8=","3hglxI6pU0znuvOmjfTWb3NZjELSJzEYoOoT7x9dEus=","GssPIFzils6XSJCqBz++LnkgHUdGOYLmNf5uQgJcWtQ=","KdvOjHeSrPPczcUquPVtS3nkIri0pjVsbIJxILMx1iY=","0mYa1phs1/95YXIzDCcnGOM2Apobc2zRQIb1ZuR0KrI=","PsG3TfayPHIgigiGKs0/lL5MA01TglC/2q45l314guI=","v8RdrkMvFDDy2qBGY5Q1psMb0JztPhHVblYkyRCQONs=","ZSiq+OnC8OurCiGE9uS1vtKOX6q7V6I8WJ7w8BusodU=","n9NWkilkgZtcbJG9N5PaS3YVfnXDHIpmdXtJEeziOco=","HFhIUhAl5pKJL46UoM2PYzt+Md2jJihgNJ7pvnrF9qk=","fJD2N3GsUvVNDoSlqTOy2k7MbXUXenuyERDEkNlIhEc=","BhQIMYI1wg3CU8IBVppP9JOQusPhDvzATZDu0LkRRfc=","UAQ8tKq9yZE/mcFEJ6mLui/CEpW9MXVYcYezk9RdjqM=","WBL/UNpgEJc9Qumt3R3FPY10qXTadDgkb9XLJYSJbL4=","qi041OxYey4BVkRxa0NQsMgjME10D6zwUp5WoGe7hJc=","euzB4nP0ygOjn/YMzCCk4Weyd2FfCQlGeyIWi10FpNE=","z94G5IkvyNlx68grQa6Q2z82ubM1buvp7H346TpUY9Q=","QMOTCpYRZi3OrwbwfpNIJCXfyJkXTOtlZ2EM44lCBNk=","5q1jl0acp1MbZsWc7BIu4qqGeqs8NBroWAA+BTA5TBg=","6c3EU+2z21pQ7fZXKFS7KcnFrQblknk3PBbKGCoMjf8=","JBV5YNDDdxJsNO3BMY3bEUUFNVQaKqnkuqOBjk8EwqY=","7hlSnx3U1mP+akcXGoBcoXnMlIHCXa4AXqBHe7AKYzs=","fNbLevTThBt8PPEGoAP7haJBAixakUnH4Ze0GGipN3k=","XxiXzXsJvJhUZ59A+N6Ck7jTPt1LPD1pFMLSBmf8dU0=","LvWkCrXbkgzIhhY3YVOT25/BEdWYdd0UsfPkCNQSESg=","bZkJwyxZ9qpBDckBguKoQQc5XKpD9n9GiVDG96mUGaA=","VxHqCyg+l112m5IGamxUv/es9XcBVHJGmbu3E8IL4SQ=","olt7TuhbtNXa53kRPmJsQ3j3I+QflrJ7rx1Xem27QCw=","HJNWi5pj60uQhTcn7IH9PQ4H7P92LQwTQGV17e2bHzw=","shUyDHm+I/63ZVelXk/IGcYKwQNZ8AcvMalRylre+nc=","G18PX2ZTPph87vEC8tOhNolvStp1Tc+hXAqAeKjVYKo=","Nrpmhsigug81WnkWGQaJobU8KkBuBJLUiZfsepVb9iU=","Z7RA7j4x9wZ7vA5k6TmqIeGqs0L5v6XLCHA7w/yIZt8=","H3RWoQL77Z2qk/FfDwdu/dlPNeLShnLpDiY0+u0pnqU=","B17LGfiJKfdTOqqH/4bvdPlA6d4W1xWUwTKE9a1dZhk=","kAa2IBzh1SW44e/9cNbGE1YmWDbOvG8RpBnJnTHWpWw=","8cCNDvulaEQJ7dD1oRgOBdZp6t36cdssMvv3Gd1eBZ8=","Gk7LjGMaG+wn2yeQ5zlHd3NqDTNijGrTg2XryKy5DGU=","AyedgOdVGyRg+GknkTJRdm0jBbwquDSaDllPchIg3MA=","1bv79rbLEzLjpH+NvbBCA+OwwMoNXWJGeFbzC3qoK0Q=","TQxJSgmtO3LfGu0bCf8yGRTvwPyVEOC1YZxbs5byeeM=","f3PnGg2DjbWaRE0fMMu932h3vndm5Itq8VJr7E928Ls=","bd9rQzVHtSkPXVXDS4hwN8SNKGdcGi7wShMsoBM422w=","VPJPIRMlFv0MN04FTs28eoKYQdOZdk1WMibAJr9VykU=","1NuBEr9kT2UcG5w+/Xwdb1oxtn/SJQ82Qmq7sqlv9Ng=","Lg/sHfKfznjS7ey6TCLWiWfLnOzg5uxDCkv841ilbto=","aGhxBQdK0ukTFfn/YZqmXYwNLW/TLFAAsIkhRYsA/Uk=","BB9ae3DNA2vHj12xkduv8EURP+fXJssCpVg+U8YdxJc=","V5Ejup1BCWILuyEPIP1TbtXD68l5VrscP2iRRkloLtM=","wAuIlqDQ8Pm7HAb/i15ohcez2ClbSIWVRXRKKJw8BD8=","VPMv64zxlfiaVUJdndWIhloPH2pmMfkk6gP0ZR6+ceU=","1XtZWYPjkvKlas+NRhEU6eANgOSfQwMMSDa0wdL+7+A=","jLwnQW9SOeV3qJlK0Xsisdbt0HC8q/ZbiwV0ta9e1PI=","w/paQvr214ch9sZqQ4uDlYCxx04TaRXlgAcNPwEkMo4=","ESxXuPbmeJax2D7tpqt8GwRgLfDcT6U/41P17uBNNIo=","2RI4JCbj3brulympjqhRWb01tuVAbiUcyusZx/OawMw=","oIeGYMt1mbQTOhomZ4EloXrI6AvGRy7qBXMM7YVKI1k=","Kza4Fzs7qUZzRg3To4uOBk5l0ELyGZnVC/yUiGSNIa4=","IBfecdKwK54WfOy+XOims3cvQAbemQZP618ENMncvkY=","drZBdL8Jeo2Wxqdyas/tsPwhxIki37tYhaD5rEqf7fo=","O6yKmp4RlgEUMbqiMq0cQw1TSiT/loQGvCHC1sWFVvk=","rMmsQsV8HGMq2OT2jUYm3soyy3Tm52VNcBOvucXUwHg=","wtCCt/3Dv5204x0fpaq7de1QvUInKwgwp74ksrpXDew=","HPKQQBpIyJdEU/KkEMs2buna/c0WzLt01P6vTNNFrX0=","TzfKXWDkl4GMIMXVapSYZpaFB93o+XqV12+vHWNnx5M=","s6Kc/4/0fbK3YTEp8Tpb/qfYGvmWpyxak2ibU5/wrnA=","5Ezryj5Dy+EgCismjNinw+jKJIIhQ5rPfCpXMwn6p6s=","mTn0Coy2fJfIgvrsODvGtZP3nCGIzH9qaaPJqXy8ixs=","pfoPDNJhQHyLA/KBvZM3QLuMkrZaOGNvANyDedvp8XM=","8rEnbR3iWCwypA1tLtg09Nf69Gk8BHbSdCiWjJWfavo=","Z3zFIfrB56h2nFCCv5ZDEv6JSt9yawRduJSX+xRyauw=","VavPfe6KJbVB2kDdnPrHxnIsWJ/3F9gOdFR0qgSl6uM=","fBAvzs+3MTBzHrW35Q5d+88SkZUe6RbODyTpXbBHOSM=","OIGY8VLzdvxZZyoIYZR8nzO0PyFqiCatVcIe25erTEg=","n2tv+Dke48cKlAFgakJylJKr2ukf4SR6S3DU9e1MH1U=","whs9vGwLmzYWCngSLcYF3NyVD0ZAC1Vu0pqMs4Y/xok=","dFc+6HCQ4OuSjlwQTFcIHf9jFA3lb40c39ckfLY0gbg=","E0FzkpMYHDI7TJNdyVDaJRVnDSLepM31WgGxKeSTOiY=","MKVUK2p5VdssZ4l42RESleaiV9uJ6SqKSJqSOW0LXDI=","JIO8Btj0py1SD9e6dQC74sHU2c6LUvxQDWjJpF2xxGY=","+6V+JQL3ZBYCHyt16AsU/Unq6w580vi4zKoI2Jzh+dM=","y3i4YnW7ijcl3CWWB2RqwNSZycZTWJm9sWNSUVMo7fU=","dln4Vf+qV41mx0cFgHuxXUUyBkVtJ7L2KQ5cIikH4Ao=","u6EjxFfqi/nhlyhGy8BWWINpTogVCpPbsJSYHxgBBXk=","DbN76NlVf7680C2q5lslWGpVjDBQJsskIklENKG7S34=","orpjdOUiNFfIWUevcd9jJe2xaRLuZNW0qT4O6bSkL/I=","9jt0Z1TZKKUn2cVWEoQUT/7RRz6PZO/twO4iZVFRHjY=","iwE4Ddy3P9Lm2bqunx9a1IPjcFNPbUct9Y6lsYjn31U=","OQ3wAOcsHJfEMdafdsDZ6qAfuquJiben3gjmgStJ9dk=","vUsmNL4yLXoTNpCgpXOKUfQDmlcidxCA1a3MXlx5v2w=","Z33v9/vuO1+Bw3zQuGnkwctghyK+2R6HhbxR17Wx/6w=","DXCxfwh2cjBiWgRPMGmXMuNQXV09O4GwAgLFCT20q1w=","e/bREzTPclcmedabvrPbuWvu/YDX3BVDFUOsB8uRMzw=","CwKTeKTh9yYKrzOGZwA+SG7ahphPbb2InMByQW5R28I=","EFUQYPNrJ0bqFE5kqHR3UXoqZCMtwgeDrF9NOopNbTY=","uingW7fDiEkW9cDbqh7liWeEsXR2KEAlYobNhUbPrVg=","WZQ7lRN1w0itnGHhpwWz5hNI6bllqufyhehI8a/jKj4=","8vmkFwLl7o5942CeSuj40F/0Cbqhj5EdBYg7YYT65lM=","+HYuW0hkHhCQI0yx7+H9EII5SFk4fkp/w6kzgdZUcPA=","9GawuDFCfUS0d+//cjZHXq4sCLbszoRlD9+vsj+Ee4c=","X7skcNCp7+7xiLSr7sYbGfYorCgNhGW8xPxd1R+mGWs=","TIFf57PBTJoLztnmzInGCgo1la3HIy3b185PW8GGd/s=","vv8NFrTW4NtDdYyjSQ1XIhShhWm2EUJBs5Ec7u9hYMw=","QqOOaiuTFpzrzZA63VPq5sZu4EqfwXgWJJcjpMkH0HU=","nW8n7GxsY0bK+Bo3TGE7/mdWDt67uPzShvwjOC3kfpk=","Zg2FYUbqSgToaVl6ULZE34l3ChWxmlfAiO7eNzjr7dg=","UT5/NEO1zaTOL/fZc2fw/fnaX4w/gLiQvGPqjToOHAY=","5mjR3Dp3sHTTL9KM7ARS2ctX7GqOAu+mqLyLqNjz1OQ=","JDAuEWfqpTrJblQ0RyNftDjhPO9OLVWmLaJm93tliWI=","YdaqMBOAHYRxT9+5FvGbHrDFHLUg96qE47oYItaE2Iw=","K4bcbfQy+/lkEMApIdzTVdt5SsN3/iptd2l7s/8HZZw=","5Z51gtz5CPk/vUGujGbNS6/qDNFW34rtllVFB+Gekjc=","c7e/AphBztXat8EQkOjTHc1IJWd0soMkV3ryiWKlymo=","giudfiVftB3Q+KeM17TVWlii7Oy9JfHf9jwZSK3ZfmU=","tFgS75vv56XaVeXaxQuQ7ZsgLEaksk8POMP7D0S/luQ=","5Ra6xdEz6Fk3IhRVGvaPG7BaOSWj6yflkKrosWSDsh0=","+PaFl0ab4vGXupczn7Mz8ZQ1Rtyvkn8v7hRt/N0JlrQ=","TUNvE/oteZ7RVP+/k+81ZbFKnCjB2cvmVO4KjBngcjQ=","Y9R65MNTF3FOAGHSE/8PM8H6zWcxNQL4XSbp7kThARo=","z8Eufy8sK7hCMEK3sIZ+Dewf9Cj6lNgXeyA/AW7Q5QE=","gsyDLmxGai1gdg5m9ayubWn0wpZ8F2agdBgXYuD+sWU=","Kdo5JdI1VVdFG86cHVzj6N4rJvFnx3kmZqciK+X0yXY=","9pKBIYLwj7V6VICnt9enFkIrnz1Oa5skKttnznzYRU8=","jeTvGkiHRrUYg0vnagLoFUyjMRUQuLx7Vwo8JcZ24ns=","o9SFq21rboS99beiyxY/KvHdn4akqpgeYCSYkYSnxR4=","Sdwjb9FMqsRzAs0iw6U8oaWw6vcxHfD53oB8HuiYW7E=","C5q0bud0Gt/LKmnlHkF1z5fS9poi+CoRbeR/F9rnBmw=","ktyfypDB+qLFVpDfIYkljyKEqgmJmbgpEL0dW3LVm/8=","wr1muywPEZNZMtgfbfleTdW0Kn7lJGJQ7CaPfulY/hM=","FXaIOrkuw2qfVdvGVKIzNJjzxrjbe8hffFB9s5GoJGA=","ApadBc+kNxKPRrLa1kBkbvz2UTkDY9dPuBTbTE+0nEY=","lzYvvSdm8U8dOWyeOzTjKJ2D4V4vmlfkSa3uOnhdrec=","U/P0Wsjgno1iU811ZxivTFd91KFitWZVsKGSzvy6kf8=","q4X8QqpVVFN/cojZadZP10yFEyO8Y8XsF7NDxnsM1Gk=","DAvEppF1PzMU+hKM44DyIS5fEmOF7A1tTVz5AH2u/xU=","L8bn8t4nZDy2TOltdKSYJJd09HSRhVXIKa16TpKHgu4=","aAGRUGAVfY0roi6eYR4lQicnGiLm47YAhHwjf01/Yn8=","g0XoNaTKTV9Clk/tkxUKXj7HSEl7C6bsu9HD15bPrVE=","mUZbaPdcxvd9KKTCUO6zUV/fXmkuMMzX3+iYNd+BXDY=","FGBATf9Ee4UJlT7RCDX5VfpPobIGYQx3JpV0l+Fe2OQ=","hPQ2e5lRMV8lsXLbJsTF+XIh8geLdy+1HyA2vW2C6hA=","lG22TY2I0Qyx4XazpjF4LutjmGuGqsplvXLVElSJrNE=","yIgIywXERYCu0bAMzXQljHtneqDkVOUyiScUDeG99xQ=","D94ibklxO+mN571xjUS6IzZ3NNHgnmoTaPMfpRi+J08=","cfw+c/ZstSR72poR8Dx26tvAQ/dn3o2X2xdBbAQYpEM=","/jePfXag54LraPbbEMb6398jQDYg0B/UDll3nWINsW8=","6ITfba0vdg2ENKZewg1ZIDg5MMYVwHVl7jfcD0OMcgc=","Bni5b+muXwU4l0ZZCO4MVKI5eIhwlVxwDyN5MZWQ2ww=","GWZZIwpC6NY3gFoxTTCE0pIz9nyRViGajvBcaSGYrVw=","rdG6xUE1SNQoBo4M26Yrnqb34Xa9p/pWJE24x7ir0bo=","x5PMFbUE3Z2Impexc13JfQPIOsCfoJHtdBOISZi2hY8=","WhAEK0y/R92lxTH/84O8rDgnHAavlw6DC95oKctoEKQ=","L2TkWkIdGYfLWJDfMKyl/wInLN4Q9Rg1lrXVtJNFpZY=","I5rPeVOrbZR9Rec/zhKK3vLEwXDylOU+5HjDpxOhGgw=","BTJGnsInCgF5LJKLanfRAH/LrjuL7f31eJ+f41Chdk8=","KbT3SrdVHfupYM/mqdIFhr0ZzN8VAaqFxlFVnQ5jahs=","Vn/JE7eCqJJGS+u1ZMqzBJhRPfuXmAvfJFqNkUQmEw4=","3ubWNaU3E1VAT88YQdLi9Rrzo3IjS94YzJJ2LnLiQvY=","t337g5QdHkjK6VCGF2JT25dCOkvJdbPxseRoLhvyNCI=","2P7/TJ3BlStMnn9Q9z8QAPMrgIi7l0uLleJbFuzu8CA=","lTJqV6GzfTB//ERQ9P1VDuRG3rsdrJBxMz56SNsYJiI=","geigcH7c8dZ0MvjRFsD36dzHqqY4+sO+34e03QICsf0=","hRNi1ffubW6VWqimjQh5NQOiXGi+3M+e5zbPajYV3JI=","wR6Y3JGqiNPdcevkc6t/B2MQwK8rTp/dEchkKy9gfOk=","zMPu4xX4jOX94/mbxqfBryidFXaCvkNLxh4AthDh+sk=","5onzrHkf8lNOva8d07wldOpDS3zYTLvRDhG+3lM7qUE=","k5yr9q6s4fLFwI6l+n2vz12jUpzxrR9Fa4b7t6g58+w=","YI1S4c5oPfeEdIEO1yflmlOMRPwYQ9QzT1Tz+T6QRwM=","5F0VG7DrsV74mi69Als8WfLsbvdYCIk0mJEo21hDQfw=","qfGn7XolSdD8VaKnXUHUtwu1eh8bCfxcRmFEABzita4=","rlp19J/YurpH8Qws3NdDnryE6Qsv6IDH/y0Ho2G4NmM=","UdLlkyHuCfmJyaF11HOSEbjHhl1JhDb1CwAnhRBYqZ0=","Rc6Ww+Bgef4ezl8oM7jZF54iIxdIf0PrnKpcDKpoCsI=","SEibeIiNhK+YjRHLrAECWsV5o3CfgHIjTETgMnO3Z1E=","RndLJOX5mvqT4xFh6dX+d/nOHfYYwBJ3vFy5NBFy4gc=","fWyOL8le8Tlyjsdi8cZEHDniiHvW5M9Hziva8PBP16Q=","ZUI1I0UquToOPQqcC+uA5zR+GD6AFTkwe5ilzykIm7g=","pz2+rN9FyratwzltGif0850yYR37KQULnrtO4GjGOac=","jZPWw+Pd1b2gJvgPXQHEPYccRnkcrZjwfqlYLpIw1K4=","dVZhlCS7+4P8ZIiW/A8IQVwGt6/dhnW3GX8K9IGOJQQ=","wMab/JqUBHQFRO/bCIk7jEFn78zA9z7cumdyMyLAtr0=","ZuQT778gG0GYn0tBemYQkIbkQBTM+FSQWkTsDNBTYAs=","D6FTBWln3ng8UQIoFBBl9JX1w9KsT20WPMJOJ2KmWqY=","9PT4Yp9j69vHmFSP9y+RT5gTOMcDX4LaAGXs7wgH5Xc=","koc2jQ7yV/L6UHejh46FB6c66WxSZwcoczmmns9Hgqs=","T/EV1YrPzMtLlXyu+qRkX8z0d1PQcDckKajSvoYdHAg=","WgvWpM27fQZAcA1uExEI3crXT0gkFwARPwf8+De33EE=","YVJqCsUpOuckLx54EthrV6jF6HHQklnds0wix5lBMIw=","NBA97oM10KHUCEYsSX5ot879cngmsN+nNlX3SN8Du9Q=","eEJptt/OyOAhSKW2DwUTgNLlQPhMRnL7rL5W+7vkrQ4=","rViwBpzEcaGEhAgfXmBp7Pc5wKKgccKmIk4vLC4y8EM=","hKwPL4z9Ulh7c/tpzZWr8CAfNq5MxjAMeESzHNzcS4Q=","j01UGxWSXZy0x+qH37iqk8rM/KZ/g9HaIF8jGYdXKZE=","PutfJfPcJs3GoximhxNgQAcettKzjqYs8fzGsRxKOqE=","GfyeeCmLxXlogdO8z/FlNQq79lLLvuCs+7+SJyWMNYA=","N98ZEgNjWjzzaT+ouWl+BjRa2zV0xMmuJlp+JUyCWiQ=","vZ4v5gaQznupU4bfe+W8dQ6Ib2YIRdGk8pm1CJv+zgM=","ssbHJzfzps5iO6WnKL5Q6hMNHPOqvICU1uHVAQbi/j4=","W8nJHA2mWCXm8YEWE62mjUZn4a/SBelqt7bZCI7sAyA=","2/R192VPQ9z8CHyEYOISqhulolAT2HP93iCrGbRRn1Y=","TyZSYMCsi8We0ddCvs1qWfTBS0zYQYjdZgI2vj/oIyc=","Qx+++tgXyU9uN9siJFLRr5572vFlpW3Wff14hH1QEKo=","svXd01oa2Za4p1L0DMv7exHHpZGGdUF2I3xsR7VTHQk=","BciRL/d6C5/ubK+5aTd5C5laRhhD70ykxmum1hrKo7A=","EU3qJPjyzkgN50em+RkpOGGkBkT1l/7f4DJ5L9pbEF0=","tJmBvncObgQ/X8EeFosf9oypl+YKEBjXYh0freSoWnc=","vYhFgrlTbZ8v65s/HSnzwm5Kx6kTn5ZZjeR7jYuK7rQ=","o0DbJXP0l8iYX8lUz6mBDAnHZuxfxwEq66AmH44Oy4k=","9VaGinB1shjB/VExOit20SjSfMfLiTQjZvb7vd6ofnE=","Dm9hQ61QL2Vz8+UZAYJeR+kyTysq4z5q0zELUK4D7Dk=","ZALIcy+Can5UjfVAKcUW/gCZsOm3FPKD2JdwTSlJcXE=","IxMMeE25+g6EPa0P0mPnf1OoteEatLdxkHWuPBnEOZQ=","lpuD5paMf9LoH0aG5SZHDGrBfY1GuSNS8T7Ph21ApQE=","dFjR++ZFpLQV1QXknhaksgUNX9oEWzD8RrtMkxkZ/A0=","4xaxePsXnrOtwfT2gbAjq6dMHMmhsKLxiouuLviAX5s=","7F4MuF/cS48ot/ohtVuLpNHJ/hZiV6AD15Uq6gbzjW8=","vNRF8510KpmUdBXyyH2WLfuHVef0+vs0MAaAfsoIjaw=","+C18Q4XSPdSZU/NiF0HfUvnATpADaRDpvtEg7OmnDC4=","SQ+pOb+EaEq9fOGMm4KvTYZ/qmpG7m8m1zvvkiExklI=","4r+Ien9+29tAGzhU9EhjI2bb5V3XbFH38XqwH34C9r8=","P2cQ4KtNmKh/NGcB/q6gLoC2MN2Cm3P6zpma0NdRQVU=","tBSpPPXHD+1U7WBFvOJ1NQ6w+tL5aw1LXvrA7Px87/k=","vON51a/FbUN+W0KnfYbAicwGyyScZG8LByFcOnrBtbM=","rwKGdM1CA3RAS5v7YyfdUgKxfUk5JhTIGnqwyK5Ovxk=","9XD6bwZMZiaEKejSTkB6E6AqPvuXQOWu33C7OnO84k0=","FNrQZoiI8bb1ybJOdYH3qP2cBov57o7PB+TB6DY5vXA=","3HWMJRFPF4M9Sd5b8Qixy6XXAtQyLuVcIlNvqcOjvoQ=","sU0svBc1GHfYPtiNDU4A+rbvIfkF8MK0jE+TqWp3zCE=","i5L74Q6uNNgjFtS2gymZ+seSvYo/5Ko2vmBGy+wtLSw=","Ii8dZXWb8q/mkG2wKkdxNB93Y8kd56vGT9+uKucV+Os=","8BcnE/zv5AVRKX/hIzYu/vtmAnhhwPYarx8vRO5ie8E=","RuCLijY6kbQ/JYSahnN0ndumCSrymW5hReX+1/iA19w=","AwcKXq9ybeX8d8vLC2WmkM/4Ir9+0q3fgGJJ+o5EEpY=","mvf6LXNd+xaye2tC9iNQj/WWL62c8IQc399fl7tFG3c=","qLw4sciantSFvq8wPPwFsza8GOkRUSJCw0dZhDE7aAA=","8D69H0+K2r57tf0vH8fJaCCa4wjEwbkhps+GgFjwyB0=","ZujHNVSNGWj4vKu0rmNq0Y+idlwpRIhX89GLoGmYh/s=","azizy3r+ZcAMVxrCEz612jqCvwgQLaCdPKTo6NQnQUs=","VmXJrUd1smj0UOAdIXzCdUS4EpEP+nSZu+ITwZH2liA=","BlDxqY5UQ94C4l0cwpIqsn8DaDOEYQkcQvQZjzl6YM8=","xpsxdIMdA5UmIz3LAaG6PRDKEb6vxG9G1XV5VCXepfM=","o7ML+O39dSoU6HAD9F1WaWXxmYedC4C49skGnZwy0qk=","NYeiWw4dKcfGEzy1/whvfHToN0KFPPngGsIfZAlK3Uw=","4hxIkFaepRJPaHDJuWjbp6w6LMK4+/Bj35Awof/Hi8s=","mcSXR+awgBgtn2P2ph34YS8UZqRr7EB6uBZz7jJ0Xz8=","rNpov6cBU0YdGf/WxJZjxDhbK3j70+C96Bnf4Qyseiw=","9DLXz1DpRLVPj0uZuNFtY5CEY4zIa1Ptu3MkeagqY9Q=","ZZykQCx3Pg1c+EThXYDIKQ9TyJcfo+sHdjow02QBC9Q=","L7pKSLz47LVGa2vgJzxjdu47BtVkp13ZvE8fPWWaCyU=","yxy1d9UxpKqLh0T0DcObeLKLiTac/W0DdDwL+68bHRw=","WlxPFd8t+z1dYhRnqq8zXaZI1lLCtGwaHJHR9o9TFig=","Xp14ezJDz2fzfbvAlQUSF1WWVgifKWleodMUH82/QEc=","2cS9C5MpiWknmJss5V6pOn7KM4lHmxytT0LQ5/DUaOk=","+yowdCYkpa7vj7khSFvDOfb9oMhUfR/p5+Vh9sNfosw=","dY1QoVXBUH2BBw9mvqYoAvPfm2TjXs4iSCt6cJIZSHU=","JtzfXjcH92wR3voqz/7mVnaTTar3nHbW2NqND7ixgyg=","MAGK6gCjDcoPJlSlW88YJA6sqD43B64xSobTeRvQOpw=","O//qsMfSs/C+imFo38CuCbAtG3VFikUAeMUe04J1PYQ=","HAHL3pHcWCNLpxw4RBDUDTz7MOiBpgy8TQDewdCRbS4=","wcY2WKgIqEOfO8mpZjyyAwwBqLRFNLGMkTeTVkTvEjQ=","M4gTM7YbB6tA9YBKfkqBnwNdTTN+97rfJJ41Gw3QPbo=","GL7FxGJWYFlTXDUhfnaFD4rlVb7U+w3aGcl0W4Oj99I=","HpR4P/doqkoKf338bUANhL96N3XD7BT+aJ5cK7whtzE=","vP9+3D9MWsUU4F8C/JVXzqAzacRVvMpTSqjSjchIAgs=","1hO97XHDAKCr/ONMC/DbgST4sAtdkS7YAy+zFywznBw=","JWjhINDEGNDLyCQ52u8hIjuU7VxfWQX/V8aMfzIJ4e0=","Yj6tI8LtG3+RHY7pwSsK0Dn7uRLFl//oQLYIdmMWnhk=","oGi4sgRKdyQZKBaARrk9XPhsOQRu0IabqpvNOhsVdOQ=","unGCtVsf3wLHta0Bgl+XCgL7NkIvK0R/ebV1zGFoDjQ=","80XwJzZfvxU5IhExO9LngW4BHFahQHV2L1wJFKraAkU=","ioPSYpXMmed28Nem1Uegqi2NvpV4MjDLdhhVKMaXlkc=","kNfb758ZvGrYPaNAVUeVhB4SjSfhPRAfdAAEydXaQqQ=","+XDH4qLWAVTduOQNt+nmRowt81LYThzNJnWTvJKaAjs=","FM3vbHLJpkaqXXhVi1DNLpndeBJTEjc1anziuxtwrAw=","S15nKNgUyHaQ2ogyOedamcqZntRPnbiPGjp8HPzsaXU=","7jQ4AJ3ImeWEC6KQX/wvdvvkCrFjV0TDUqtHAbpYGto=","cMkHUUsWeKqxZMVcuK9rnOJuxUibFh12Kf5Qj1mxNZ8=","tUJTmTfpH7L4nX3rH/ZN2IUWo/djJQcEnWOv1LolI/s=","m30U11hf3OSjdOYdIsgdcdDbOEBps8gFHN7Rp3kykOA=","wQcFnP/cqSaIS85asyqtguK0IoGcFpUETbkUkogRENU=","JZcJ5oFIRB9R1MsCqJhT7Dna8vMqexSxlRhhvnuAu0Y=","RksPNj65XBpjq6zkmo7WX5BfWSXRAisbEMqICMuuYQw=","2JQVFtUv/hUWzKelA5VnfFl7slRgJpwegtw/VT4VlMY=","mKWf1P/MmZFN/GPRfH/NL+T1IN8NQCf2XvfZC+p9t2k=","BIXc/AyDkTWAZaT2aPIrbHYkVoF1u4Smf4bge6Yl6zA=","qL9EmtCLrLErlb+bdORdSrc8e49JkVHTozQU6HvE1FA=","AloEZn26fIRe6dsZ5pZ/pJxrn5HuHIgt+HWHVsUvboA=","3/2pGw5DQjZaads53zp8xMFKgDENWpQVJ2grM+2qdQ8=","YqbUc2KSdXV11jNgIBVN3ETfqzSUlfmTx86rEVyy/ms=","I8+3xNnSmtLY0V1M+Gg2U8vJLEAy2RVANY3B2pwTeCw=","woJUdHez5v9oC0odrvwQ9xQOfSMVLqmW63b+VK4LZgI=","zd+pj1NhnCuWkyOBlwvNN/p2XaBiGWp8tFFZ4i9d7CQ=","2t0z6csHih350ccXDA4gJvwXyIvSI5EYaEPZI4plJ/c=","SRrvXy4iRkaR3DV9CcH4BCC+nE5AkCnx/FBbYC4dXaI=","SFCc0rPMbOMPg9LWyWP+ddZfV9lB2kQMSwy7x/95cFA=","Hp3ZxcqDVusg37RLv1cSar7mSEnmuX7RDME/m8ocP1U=","uYxAYd6hIdCvvt98cMWNBqVDApk+aLOidOUTY7nC0zQ=","XiV+8nUaRDfuXAlGj4X5KNS+QGkp+VaVpd2IcGdmHKs=","YQIDZ7i4JWVi3GBjEgXnD6Jpjag/SRA9AkcKnbg4s9Q=","Z4pxfo3bGXCp0jwGWlyrCkQpF+UEOC8ePpXlmdxnkLc=","YzxtGEOvaZKnaN+LZXOqkPRq8CHq5yPNrLqq0/djBH8=","ZajUr9UHMiCyoFVWjkMhnf5HbywrIo7uj2LO6vCIk3Q=","MifHVmIj6CswJQybmLVidJjgvaDDCDUxCX+3g18SiGE=","BHzVwARonh+Nc1I0qtczhR1O7InZmaaWwce8JAjM8sY=","mRR3PLjtbwNL8fBzXtx05RauP9EEVTjQCdp8rki1ZTQ=","dSQjZ9u+d7pgSSn3jlErY+A+nPV+YSAf/HjmQwdG/IE=","rARjzahwDIac2D0TdB/vHVmSSYcpAoCp3b8/Qm+hfEU=","Ti9VoCATlAxtlob5vV3xWMCS1vv4CXKyUXsrCdHFrPs=","hWG5hTgUZu8rWzoRnAWq/kyYe6N861QJM28SrgK4zow=","VC5XVgecEpPIXA9/mFSCEGM+wa/pW+OQwprG8E/molE=","oEL+vaySn2cb0vGkD5UhmKwGu16IlE9CUjkLmgU6GiI=","lDHqoOY4H+MHtEMvH9aIG2K7i280ls1Xnap8LfHpXwE=","erd+TuyjEQOm+di7GY6EbneBf+ZP+04e71NqOEwofbk=","2S/RCMQYwEM1JOY5TelTHxqxs2GBV9j0XE3kH90y86M=","MobplsB2eBtPk60ENFGQiRERSmBDseBhc9ARr9TF9tU=","HFuwEyEZOLDQKRxhkTIx8vMigqm6Qvu4OIwlxNyIhks=","ALqoUNukCbnNwldT37+ogKx/CwmQMEH8eI0wlni9amQ=","pc6KPf0XOfw5sBbP1osJv8zoAukbhxAHtuRRp68+QG8=","GMcGWptudtc4P+CSAA3/2v8NtKtUSlm6eXUUVIh6S70=","v8CI82AIm1YapiU6Y/IGgK1mVLGg7mnaibrfZsitezQ=","5sRwkDyl0BmmqWD3upNii04ppP6b5A5UuAl6sPU9j5o=","LcCZzLpOXs22aHAyEVAcLJljSHQ1nNnuXdylFniIOi8="],"block_size":4096,"path":"vendor/eslint/eslint.js"},{"block_hashes":["24Py7eZ/Ns+rHqByHqLul1FYY+mmU0aIHzBeQwRRzJE="],"block_size":4096,"path":"vendor/eslint/LICENSE"},{"block_hashes":["2OzJE67HFmwKeSveACqyqI85jVeUevEponAq57C3W1c=","cpmV/g1CsDvU72A9MeuWSsBhJercKess4+mR6b6bDJY=","WC92NkuDlol9GW6eRCWqmf8s62PaxpymwuzpvkeufiQ="],"block_size":4096,"path":"vendor/jsdiff/diff.js"},{"block_hashes":["gmH+hZuy4YrSQjfRZ3s0a1tS52A/XAqxNMkV0S1UsB4="],"block_size":4096,"path":"vendor/saveas/filesaver.js"},{"block_hashes":["rN/SSo5akzBVMmsjWwhhH3WbpOIA1CpFWluN/TZ2sec="],"block_size":4096,"path":"vendor/saveas/LICENSE.md"}],"version":2}